neighbourhood,price,availability_365,minimum_nights,long_term_stays,short_term_stays,reviews_per_month,number_of_reviews_ltm,number_of_reviews_ltm,distance_from_airport,population,house_value,neighbourhood_count,passengers,visitors,airport_code
,mean,mean,mean,mean,mean,mean,mean,sum,mean,mean,first,count,mean,mean,first
Allston,131.82,191.63,48.9,0.73,0.27,1.48,8.63,1787,6.51,24904.0,959104.18,207,16940423,1292000,BOS
Back Bay,243.53,197.03,24.97,0.58,0.42,1.56,10.96,3758,4.06,18190.0,3806782.88,343,16940423,1292000,BOS
Bay Village,348.24,226.08,11.32,0.24,0.76,1.37,8.31,831,3.39,0.0,1864890.78,100,16940423,1292000,BOS
Beacon Hill,148.19,131.54,29.64,0.74,0.26,1.57,10.2,2356,3.22,9336.0,4228172.77,231,16940423,1292000,BOS
Brighton,150.06,179.87,35.93,0.64,0.36,1.48,9.02,2868,7.56,52047.0,964187.81,318,16940423,1292000,BOS
Charlestown,277.88,166.8,25.4,0.48,0.52,1.07,9.57,804,3.22,19120.0,1509910.28,84,16940423,1292000,BOS
Chinatown,526.49,239.51,39.17,0.91,0.09,0.89,5.25,399,2.97,6211.0,0.0,76,16940423,1292000,BOS
Dorchester,141.78,202.39,29.58,0.59,0.41,1.38,10.05,5892,5.13,122191.0,0.0,586,16940423,1292000,BOS
Downtown,253.26,222.2,21.04,0.48,0.52,2.83,20.2,8586,2.94,13768.0,0.0,425,16940423,1292000,BOS
East Boston,162.87,180.47,25.62,0.41,0.59,2.7,23.8,5521,1.67,43066.0,760526.79,232,16940423,1292000,BOS
Fenway,236.43,192.46,27.94,0.51,0.49,1.92,15.7,3972,4.82,37493.0,1151692.0,253,16940423,1292000,BOS
Hyde Park,132.65,220.31,23.69,0.57,0.43,1.11,8.12,625,9.5,34172.0,650743.21,77,16940423,1292000,BOS
Jamaica Plain,214.25,157.53,29.94,0.54,0.46,1.21,10.31,2444,6.36,40015.0,1122450.79,237,16940423,1292000,BOS
Leather District,227.0,215.0,45.83,1.0,0.0,0.56,3.17,19,2.88,0.0,0.0,6,16940423,1292000,BOS
Longwood Medical Area,446.89,170.96,13.7,0.19,0.81,1.0,5.11,138,5.45,0.0,0.0,27,16940423,1292000,BOS
Mattapan,169.43,220.65,16.79,0.37,0.63,1.04,7.35,463,7.33,23840.0,602378.26,63,16940423,1292000,BOS
Mission Hill,114.97,195.29,32.19,0.53,0.47,1.63,12.07,1038,5.59,17518.0,995481.04,86,16940423,1292000,BOS
North End,227.15,198.06,22.79,0.39,0.61,2.09,13.31,1584,2.52,10805.0,1496745.09,119,16940423,1292000,BOS
Roslindale,139.72,172.83,18.79,0.5,0.5,1.25,10.31,1052,8.37,29586.0,809048.75,102,16940423,1292000,BOS
Roxbury,149.31,192.46,30.28,0.53,0.47,1.6,13.17,3858,4.99,54533.0,676053.46,293,16940423,1292000,BOS
South Boston,217.89,158.73,24.06,0.5,0.5,1.54,11.47,2351,2.98,37917.0,1099923.33,205,16940423,1292000,BOS
South Boston Waterfront,279.21,202.43,31.15,0.71,0.29,0.84,3.2,208,2.37,5579.0,0.0,65,16940423,1292000,BOS
South End,242.56,172.44,19.05,0.42,0.58,1.55,9.79,3259,3.79,30904.0,2964690.44,333,16940423,1292000,BOS
West End,223.18,221.88,31.86,0.92,0.08,0.49,3.25,166,3.17,7705.0,0.0,51,16940423,1292000,BOS
West Roxbury,161.49,163.1,22.09,0.37,0.63,1.05,8.48,755,9.76,31561.0,867560.21,89,16940423,1292000,BOS
Athmar Park,129.23,182.83,18.41,0.6,0.4,1.48,11.21,650,21.04,8898.0,463423.32,58,37806962,420000,DEN
Auraria,194.5,179.75,23.0,0.75,0.25,0.6,9.0,36,19.09,705.0,0.0,4,37806962,420000,DEN
Baker,116.31,177.27,17.11,0.53,0.47,1.8,14.98,1993,19.44,4879.0,613668.03,133,37806962,420000,DEN
Barnum,122.34,188.89,17.89,0.58,0.42,1.78,14.39,518,21.45,6111.0,426243.55,36,37806962,420000,DEN
Barnum West,120.0,198.46,19.0,0.62,0.38,1.74,13.67,328,22.0,5376.0,431508.38,24,37806962,420000,DEN
Bear Valley,160.38,208.89,24.33,0.56,0.44,0.73,5.11,46,24.86,8889.0,561839.8,9,37806962,420000,DEN
Belcaro,402.07,192.56,33.94,0.69,0.31,0.63,2.38,38,18.04,4172.0,1815457.6,16,37806962,420000,DEN
Berkeley,168.5,208.41,11.24,0.31,0.69,1.92,15.5,2790,20.34,8112.0,820284.47,180,37806962,420000,DEN
CBD,139.36,210.64,29.26,0.85,0.15,0.92,6.98,1040,18.72,3648.0,0.0,149,37806962,420000,DEN
Capitol Hill,113.55,220.63,25.85,0.68,0.32,1.53,10.03,1454,18.32,14708.0,623139.52,145,37806962,420000,DEN
Chaffee Park,151.78,173.49,10.89,0.31,0.69,2.23,17.69,796,19.0,3874.0,493224.69,45,37806962,420000,DEN
Cheesman Park,158.83,215.11,19.82,0.46,0.54,2.18,18.3,1464,17.71,7971.0,941948.9,80,37806962,420000,DEN
Cherry Creek,236.3,231.07,20.33,0.53,0.47,1.01,8.65,519,17.39,5589.0,1478730.23,60,37806962,420000,DEN
City Park,120.15,256.56,21.84,0.72,0.28,1.21,10.16,508,16.71,2907.0,824478.84,50,37806962,420000,DEN
City Park West,144.94,217.0,17.14,0.5,0.5,1.89,13.14,1748,17.35,4844.0,729790.6,133,37806962,420000,DEN
Civic Center,210.85,296.07,8.1,0.24,0.76,1.43,8.88,364,18.8,1577.0,660971.22,41,37806962,420000,DEN
Clayton,130.58,148.81,10.26,0.3,0.7,2.6,24.09,1277,16.09,4336.0,505622.57,53,37806962,420000,DEN
Cole,166.34,196.35,10.67,0.32,0.68,2.42,19.87,2225,16.81,4651.0,570225.27,112,37806962,420000,DEN
College View - South Platte,216.81,264.44,13.81,0.44,0.56,1.79,12.62,202,22.28,0.0,433869.31,16,37806962,420000,DEN
Congress Park,128.27,185.19,21.96,0.51,0.49,1.89,14.88,1533,16.93,10235.0,936955.0,103,37806962,420000,DEN
Cory - Merrill,229.78,216.8,20.15,0.6,0.4,1.36,8.1,162,18.74,3892.0,1094823.69,20,37806962,420000,DEN
Country Club,197.73,174.54,13.0,0.38,0.62,1.58,12.62,164,18.06,3001.0,1909173.75,13,37806962,420000,DEN
DIA,92.0,243.59,19.85,0.64,0.36,2.13,10.26,400,5.78,1165.0,0.0,39,37806962,420000,DEN
East Colfax,210.58,186.71,15.39,0.49,0.51,1.49,13.12,538,14.13,10191.0,439223.97,41,37806962,420000,DEN
Elyria Swansea,152.83,252.04,24.36,0.68,0.32,1.2,9.72,243,15.94,6401.0,368327.62,25,37806962,420000,DEN
Five Points,180.06,215.56,16.26,0.44,0.56,2.24,18.58,8155,17.76,12712.0,692728.93,439,37806962,420000,DEN
Fort Logan,78.0,194.5,19.67,0.67,0.33,0.7,6.0,36,24.81,8532.0,624219.68,6,37806962,420000,DEN
Gateway - Green Valley Ranch,121.25,238.15,16.95,0.54,0.46,1.85,13.4,2519,6.94,0.0,494682.66,188,37806962,420000,DEN
Globeville,113.19,217.95,22.76,0.76,0.24,1.41,10.05,412,17.58,3687.0,390705.79,41,37806962,420000,DEN
Goldsmith,81.58,219.11,26.74,0.79,0.21,1.44,6.21,118,18.01,5808.0,636739.49,19,37806962,420000,DEN
Hale,101.35,169.31,20.22,0.66,0.34,1.29,9.84,630,16.18,6936.0,778996.91,64,37806962,420000,DEN
Hampden,153.48,208.81,24.12,0.5,0.5,1.1,7.15,186,17.95,17547.0,620043.83,26,37806962,420000,DEN
Hampden South,163.22,210.37,24.14,0.74,0.26,0.66,3.83,134,18.94,14370.0,653277.4,35,37806962,420000,DEN
Harvey Park,132.41,246.24,18.83,0.62,0.38,1.81,12.31,357,23.32,11525.0,494603.96,29,37806962,420000,DEN
Harvey Park South,78.25,184.0,7.6,0.2,0.8,3.39,27.0,135,23.77,8393.0,543270.23,5,37806962,420000,DEN
Highland,207.92,218.06,12.1,0.33,0.67,2.17,20.17,5668,19.17,8429.0,843750.96,281,37806962,420000,DEN
Hilltop,267.2,235.27,19.6,0.27,0.73,1.06,9.0,135,16.29,8190.0,1637970.74,15,37806962,420000,DEN
Indian Creek,80.45,198.64,21.91,0.73,0.27,0.78,1.73,19,16.66,3096.0,427043.59,11,37806962,420000,DEN
Jefferson Park,274.02,201.45,14.64,0.42,0.58,2.15,19.97,2177,19.85,2552.0,705675.67,109,37806962,420000,DEN
Kennedy,60.0,91.0,31.0,1.0,0.0,0.16,1.0,1,17.89,4464.0,0.0,1,37806962,420000,DEN
Lincoln Park,170.05,196.06,14.28,0.45,0.55,2.28,18.6,1600,19.33,6119.0,504487.59,86,37806962,420000,DEN
Lowry Field,175.6,236.9,24.1,0.8,0.2,0.57,2.2,22,15.15,8067.0,854408.58,10,37806962,420000,DEN
Mar Lee,92.14,248.19,23.04,0.69,0.31,1.26,7.0,182,22.68,12452.0,440262.58,26,37806962,420000,DEN
Marston,105.75,189.6,29.4,1.0,0.0,0.45,1.8,9,27.36,11132.0,0.0,5,37806962,420000,DEN
Montbello,97.21,245.3,23.6,0.75,0.25,2.15,14.45,289,9.54,30348.0,435419.28,20,37806962,420000,DEN
Montclair,138.74,188.38,18.88,0.62,0.38,1.33,8.38,218,15.33,5456.0,761598.22,26,37806962,420000,DEN
North Capitol Hill,147.95,190.34,22.08,0.63,0.37,1.77,11.5,713,17.95,5823.0,577676.42,62,37806962,420000,DEN
North Park Hill,157.72,196.04,9.45,0.27,0.73,2.31,19.23,1423,14.91,9382.0,705120.48,74,37806962,420000,DEN
Northeast Park Hill,113.24,164.67,16.47,0.53,0.47,1.85,11.35,681,14.67,7822.0,494189.0,60,37806962,420000,DEN
Overland,124.94,184.53,21.87,0.71,0.29,1.16,9.32,354,20.93,2218.0,545177.33,38,37806962,420000,DEN
Platt Park,140.76,168.56,13.01,0.22,0.78,2.43,23.01,1565,20.14,5393.0,900063.33,68,37806962,420000,DEN
Regis,260.19,174.89,11.04,0.3,0.7,1.91,16.48,890,20.08,3934.0,613768.0,54,37806962,420000,DEN
Rosedale,128.05,199.46,13.38,0.42,0.58,1.73,15.33,368,20.7,2553.0,730980.8,24,37806962,420000,DEN
Ruby Hill,147.18,234.83,12.28,0.38,0.62,2.54,19.0,551,21.51,9820.0,446666.55,29,37806962,420000,DEN
Skyland,212.67,172.5,11.67,0.26,0.74,2.55,20.43,1103,16.26,3106.0,603008.13,54,37806962,420000,DEN
Sloan Lake,186.14,191.63,14.18,0.43,0.57,1.95,16.6,1859,20.49,7238.0,869301.66,112,37806962,420000,DEN
South Park Hill,172.95,179.25,10.94,0.33,0.67,1.95,15.67,815,15.53,8590.0,1015842.08,52,37806962,420000,DEN
Southmoor Park,166.67,238.33,35.83,0.5,0.5,1.22,6.17,37,19.43,3826.0,875730.68,6,37806962,420000,DEN
Speer,140.76,193.44,17.33,0.52,0.48,1.99,16.03,2020,18.96,10954.0,726169.11,126,37806962,420000,DEN
Stapleton,155.29,201.1,17.1,0.51,0.49,1.15,8.63,880,12.37,13948.0,0.0,102,37806962,420000,DEN
Sun Valley,,0.0,30.0,1.0,0.0,0.58,0.0,0,20.17,1448.0,506872.02,1,37806962,420000,DEN
Sunnyside,161.9,165.62,11.92,0.35,0.65,2.0,16.32,2285,18.93,9726.0,694388.02,140,37806962,420000,DEN
Union Station,174.36,233.7,19.42,0.56,0.44,1.57,10.44,2151,18.76,4348.0,841511.19,206,37806962,420000,DEN
University,153.78,186.1,16.79,0.4,0.6,1.77,16.52,694,19.97,9375.0,760727.37,42,37806962,420000,DEN
University Hills,183.34,229.02,22.05,0.65,0.35,1.37,9.68,387,18.9,5327.0,630817.93,40,37806962,420000,DEN
University Park,310.7,226.76,27.0,0.38,0.62,1.59,11.62,244,19.15,7491.0,1383802.24,21,37806962,420000,DEN
Valverde,131.94,191.39,11.89,0.33,0.67,2.57,25.11,452,20.78,3941.0,414725.95,18,37806962,420000,DEN
Villa Park,145.35,155.83,11.21,0.34,0.66,2.3,19.08,1011,21.21,8758.0,438833.61,53,37806962,420000,DEN
Virginia Village,160.23,230.33,12.18,0.36,0.64,1.75,12.42,559,17.78,12844.0,641711.7,45,37806962,420000,DEN
Washington Park,176.4,139.0,12.11,0.32,0.68,2.0,18.95,720,18.8,6905.0,1567353.47,38,37806962,420000,DEN
Washington Park West,148.44,169.01,12.96,0.39,0.61,1.88,14.23,1010,19.45,6393.0,918443.06,71,37806962,420000,DEN
Washington Virginia Vale,126.63,249.13,21.84,0.55,0.45,1.57,9.32,289,16.93,13030.0,587193.54,31,37806962,420000,DEN
Wellshire,131.5,260.83,11.0,0.33,0.67,2.37,18.17,109,19.68,3133.0,1154892.26,6,37806962,420000,DEN
West Colfax,179.72,186.97,15.08,0.45,0.55,1.69,13.21,3236,21.01,9740.0,683670.36,245,37806962,420000,DEN
West Highland,165.44,168.75,14.64,0.44,0.56,1.71,13.74,2116,20.48,8540.0,845049.78,154,37806962,420000,DEN
Westwood,124.96,180.42,17.67,0.58,0.42,1.99,16.82,555,22.04,15486.0,381572.97,33,37806962,420000,DEN
Whittier,161.78,168.62,8.69,0.25,0.75,2.59,22.38,2327,17.06,4831.0,687916.97,104,37806962,420000,DEN
Windsor,123.14,280.93,28.67,0.47,0.53,1.7,8.53,128,15.32,12589.0,430381.78,15,37806962,420000,DEN
Acton,125.0,192.0,4.93,0.07,0.93,0.92,6.86,33696,39.23,22.22,0.0,4914,26193165,4637000,LAX
Adams-Normandie,75.34,242.68,31.47,0.95,0.05,0.78,1.41,4464,8.76,158.12,942823.06,3168,26193165,4637000,LAX
Agoura Hills,300.3,231.6,22.16,0.48,0.52,0.65,4.16,208,25.01,0.0,0.0,50,26193165,4637000,LAX
Agua Dulce,392.28,238.95,9.37,0.16,0.84,0.89,5.26,20200,39.21,20.4,0.0,3838,26193165,4637000,LAX
Alhambra,154.37,194.17,4.56,0.07,0.93,2.22,17.07,12037,18.61,0.0,0.0,705,26193165,4637000,LAX
Alondra Park,158.74,221.95,5.95,0.14,0.86,2.73,22.77,501,5.46,0.0,0.0,22,26193165,4637000,LAX
Altadena,261.87,137.62,7.59,0.09,0.91,1.07,6.95,430591,23.1,95.43,0.0,61962,26193165,4637000,LAX
Angeles Crest,285.5,219.5,2.0,0.0,1.0,0.84,3.0,6,42.26,0.0,0.0,2,26193165,4637000,LAX
Arcadia,190.85,173.32,17.82,0.52,0.48,0.8,3.9,53352,24.69,98.54,0.0,13680,26193165,4637000,LAX
Arleta,71.5,279.2,30.0,1.0,0.0,1.5,6.3,13167,20.87,150.55,806653.07,2090,26193165,4637000,LAX
Arlington Heights,120.74,198.22,37.36,0.8,0.2,0.65,3.34,321,8.7,0.0,1123544.65,96,26193165,4637000,LAX
Artesia,98.6,162.09,7.17,0.13,0.87,1.78,11.78,271,19.72,0.0,0.0,23,26193165,4637000,LAX
Athens,152.38,163.71,3.41,0.06,0.94,1.49,13.53,230,6.2,0.0,0.0,17,26193165,4637000,LAX
Atwater Village,240.35,159.12,22.94,0.71,0.29,1.31,9.27,156465,14.91,106.93,1372440.19,16875,26193165,4637000,LAX
Avalon,504.58,260.55,1.7,0.01,0.99,1.34,13.32,2971,41.32,0.0,0.0,223,26193165,4637000,LAX
Avocado Heights,96.8,177.0,1.71,0.0,1.0,1.73,6.75,9720,24.3,108.67,0.0,1440,26193165,4637000,LAX
Azusa,141.8,206.83,5.65,0.11,0.89,1.5,9.49,111282,31.73,144.8,0.0,11730,26193165,4637000,LAX
Baldwin Hills/Crenshaw,240.29,209.24,29.48,0.78,0.22,0.74,3.78,420,5.97,0.0,0.0,111,26193165,4637000,LAX
Baldwin Park,110.87,206.1,2.79,0.02,0.98,2.2,16.4,2067,27.11,0.0,0.0,126,26193165,4637000,LAX
Bel-Air,2860.55,235.76,27.83,0.67,0.33,0.48,1.39,117,10.8,0.0,0.0,84,26193165,4637000,LAX
Bell,108.44,284.18,1.32,0.0,1.0,2.53,8.5,238,12.96,0.0,0.0,28,26193165,4637000,LAX
Bell Gardens,295.21,267.75,8.44,0.19,0.81,1.19,3.69,59,14.57,0.0,0.0,16,26193165,4637000,LAX
Bellflower,174.03,228.78,8.64,0.24,0.76,1.76,10.35,807,16.56,0.0,0.0,78,26193165,4637000,LAX
Beverly Crest,1489.37,239.61,25.55,0.68,0.32,1.02,4.14,80152,11.48,138.58,3211380.01,19350,26193165,4637000,LAX
Beverly Grove,435.54,220.12,27.8,0.81,0.19,0.66,2.62,1523,9.51,0.0,0.0,582,26193165,4637000,LAX
Beverly Hills,789.42,220.04,11.99,0.26,0.74,1.19,5.71,6170,8.93,0.0,0.0,1081,26193165,4637000,LAX
Beverlywood,383.07,172.08,42.79,0.96,0.04,0.55,0.79,2109,7.17,116.89,2413089.49,2664,26193165,4637000,LAX
Boyle Heights,108.19,190.99,24.88,0.79,0.21,1.14,6.31,332316,13.52,144.77,659821.58,52671,26193165,4637000,LAX
Brentwood,519.69,178.51,30.21,0.84,0.16,0.46,1.44,79856,8.9,122.31,4398115.01,55304,26193165,4637000,LAX
Broadway-Manchester,87.29,157.59,27.45,0.91,0.09,0.43,2.68,59,7.71,0.0,0.0,22,26193165,4637000,LAX
Burbank,238.51,182.03,9.64,0.21,0.79,2.31,17.23,10495,16.64,0.0,0.0,609,26193165,4637000,LAX
Calabasas,312.34,199.57,18.37,0.41,0.59,1.14,5.93,753,20.07,0.0,0.0,127,26193165,4637000,LAX
Canoga Park,135.55,240.31,26.5,0.87,0.13,0.86,3.04,93808,21.26,190.94,842065.53,30832,26193165,4637000,LAX
Carson,136.4,199.76,10.49,0.18,0.82,1.48,8.51,1243,10.97,0.0,0.0,146,26193165,4637000,LAX
Carthay,215.62,218.5,20.14,0.6,0.4,1.69,9.42,132822,8.39,99.86,0.0,14100,26193165,4637000,LAX
Castaic,323.24,251.44,6.56,0.17,0.83,1.79,15.33,131928,38.85,55.62,0.0,8604,26193165,4637000,LAX
Castaic Canyons,261.51,193.15,9.02,0.24,0.76,1.31,6.33,291,37.1,0.0,0.0,46,26193165,4637000,LAX
Central-Alameda,72.75,138.43,25.32,0.82,0.18,0.7,3.89,109,10.32,0.0,0.0,28,26193165,4637000,LAX
Century City,206.41,174.64,23.19,0.75,0.25,1.18,4.94,21182,7.7,114.29,1852912.43,4284,26193165,4637000,LAX
Cerritos,157.44,209.72,16.14,0.48,0.52,1.03,7.66,1110,20.28,95.2,0.0,145,26193165,4637000,LAX
Charter Oak,101.44,112.13,19.33,0.2,0.8,1.98,18.87,566,33.81,16.0,0.0,30,26193165,4637000,LAX
Chatsworth,259.06,219.59,14.07,0.44,0.56,1.39,10.47,295200,24.25,122.79,1063068.86,28200,26193165,4637000,LAX
Chatsworth Reservoir,159.6,245.2,43.0,0.4,0.6,1.6,13.8,69,23.6,0.0,0.0,5,26193165,4637000,LAX
Chesterfield Square,122.3,124.94,25.0,0.82,0.18,0.29,1.59,27,6.16,0.0,0.0,17,26193165,4637000,LAX
Cheviot Hills,273.15,146.35,59.91,0.78,0.22,0.78,6.26,18000,6.52,76.7,2590176.25,2875,26193165,4637000,LAX
Chinatown,207.36,189.66,27.54,0.9,0.1,1.06,2.49,9728,12.85,136.03,1080805.87,3904,26193165,4637000,LAX
Citrus,1771.0,67.6,1.4,0.0,1.0,1.13,3.2,16,32.28,0.0,0.0,5,26193165,4637000,LAX
Claremont,178.6,183.26,7.02,0.15,0.85,2.08,17.62,35520,41.2,19.38,0.0,2016,26193165,4637000,LAX
Commerce,272.06,189.26,6.11,0.16,0.84,1.16,7.05,134,14.85,0.0,0.0,19,26193165,4637000,LAX
Compton,200.84,204.88,5.57,0.03,0.97,1.95,11.26,777,10.65,0.0,0.0,69,26193165,4637000,LAX
Covina,139.47,194.48,6.33,0.09,0.91,1.55,10.16,156436,31.96,109.68,0.0,15392,26193165,4637000,LAX
Cudahy,140.67,209.0,8.25,0.25,0.75,1.43,7.25,29,12.94,0.0,0.0,4,26193165,4637000,LAX
Culver City,190.66,176.1,4.93,0.08,0.92,2.02,15.57,10026,4.95,0.0,0.0,644,26193165,4637000,LAX
Cypress Park,107.5,121.63,22.68,0.74,0.26,2.05,12.16,231,14.82,0.0,869781.21,19,26193165,4637000,LAX
Del Aire,160.61,162.64,7.28,0.15,0.85,3.07,28.42,133516,2.82,78.48,0.0,4698,26193165,4637000,LAX
Del Rey,197.21,190.62,24.24,0.76,0.24,1.01,5.89,367504,3.65,133.91,1411219.25,62440,26193165,4637000,LAX
Desert View Highlands,162.78,216.2,5.5,0.0,1.0,1.27,7.9,2449,46.85,86.32,0.0,310,26193165,4637000,LAX
Diamond Bar,213.84,157.92,26.98,0.62,0.38,0.32,0.5,66,33.96,0.0,0.0,133,26193165,4637000,LAX
Downey,148.63,172.26,8.92,0.24,0.76,1.85,13.6,2121,15.88,0.0,0.0,156,26193165,4637000,LAX
Downtown,202.62,224.8,24.38,0.74,0.26,1.37,6.83,2422660,11.46,141.05,688309.12,354960,26193165,4637000,LAX
Duarte,121.09,155.07,6.79,0.19,0.81,0.81,5.62,6608,28.44,156.89,0.0,1176,26193165,4637000,LAX
Eagle Rock,190.04,160.54,24.03,0.68,0.32,1.18,8.47,485090,17.52,101.37,1319248.07,57280,26193165,4637000,LAX
East Compton,144.5,301.0,2.0,0.0,1.0,1.61,21.5,43,12.92,0.0,0.0,2,26193165,4637000,LAX
East Hollywood,153.19,160.92,24.76,0.79,0.21,0.89,4.4,159794,12.03,224.53,0.0,36297,26193165,4637000,LAX
East Los Angeles,125.95,226.96,3.73,0.08,0.92,2.33,12.24,6055314,14.95,119.61,0.0,494514,26193165,4637000,LAX
East Pasadena,132.9,204.85,3.9,0.06,0.94,2.13,18.73,162800,23.39,66.09,0.0,8690,26193165,4637000,LAX
East San Gabriel,113.49,152.79,5.48,0.1,0.9,1.49,11.81,1595,22.63,0.0,0.0,135,26193165,4637000,LAX
East Whittier,207.83,157.43,4.43,0.14,0.86,1.36,11.43,2480,24.05,159.39,0.0,217,26193165,4637000,LAX
Echo Park,190.14,150.47,24.91,0.79,0.21,0.95,5.3,221872,13.01,118.49,1181158.88,41888,26193165,4637000,LAX
El Monte,462.17,178.91,5.54,0.06,0.94,1.78,13.74,4493,23.71,143.0,0.0,327,26193165,4637000,LAX
El Segundo,185.42,187.89,20.74,0.56,0.44,1.39,7.49,891,1.64,0.0,0.0,119,26193165,4637000,LAX
El Sereno,126.39,179.53,22.67,0.74,0.26,1.29,6.91,179894,16.43,133.36,843935.78,26026,26193165,4637000,LAX
Elizabeth Lake,249.0,307.5,16.0,0.5,0.5,0.19,0.5,47,49.62,32.26,0.0,94,26193165,4637000,LAX
Elysian Park,106.42,249.71,25.14,0.86,0.14,1.03,11.36,9063,13.38,82.61,910043.43,798,26193165,4637000,LAX
Elysian Valley,192.1,169.0,27.33,0.87,0.13,0.97,4.53,12648,14.4,95.23,993733.56,2790,26193165,4637000,LAX
Encino,438.39,230.67,26.77,0.81,0.19,0.98,4.55,343088,16.26,137.33,2004180.77,75440,26193165,4637000,LAX
Exposition Park,59.01,277.66,30.5,0.97,0.03,0.66,1.42,163060,8.13,161.28,0.0,114668,26193165,4637000,LAX
Fairfax,489.54,195.1,31.59,0.72,0.28,0.82,3.5,1115,10.15,0.0,0.0,319,26193165,4637000,LAX
Florence,162.57,192.12,26.56,0.88,0.12,1.24,5.62,90,8.34,0.0,0.0,16,26193165,4637000,LAX
Florence-Firestone,96.47,194.45,3.74,0.08,0.92,2.34,18.82,534820,9.72,144.07,0.0,28424,26193165,4637000,LAX
Gardena,128.12,216.41,8.4,0.21,0.79,2.08,13.35,1816,6.43,0.0,0.0,136,26193165,4637000,LAX
Glassell Park,167.58,157.55,21.96,0.71,0.29,1.18,8.29,160884,15.75,129.11,1115309.69,19402,26193165,4637000,LAX
Glendale,204.75,187.85,11.06,0.23,0.77,1.65,11.76,8877,17.03,0.0,0.0,755,26193165,4637000,LAX
Glendora,182.75,237.43,11.34,0.14,0.86,1.61,11.17,33500,34.19,25.36,0.0,3000,26193165,4637000,LAX
Gramercy Park,213.5,241.13,19.79,0.61,0.39,1.67,10.71,407,5.77,0.0,0.0,38,26193165,4637000,LAX
Granada Hills,240.83,207.8,17.85,0.56,0.44,1.26,9.01,332800,23.68,109.56,1061334.45,36920,26193165,4637000,LAX
Green Meadows,125.0,169.09,17.0,0.55,0.45,2.48,15.18,30561,8.47,115.53,0.0,2013,26193165,4637000,LAX
Green Valley,94.5,56.2,7.2,0.2,0.8,1.1,6.4,32,46.63,0.0,0.0,5,26193165,4637000,LAX
Griffith Park,106.33,217.25,19.25,0.62,0.38,2.67,26.38,211,14.58,0.0,0.0,8,26193165,4637000,LAX
Hacienda Heights,139.19,201.42,5.93,0.12,0.88,1.4,9.32,1375960,25.88,131.26,0.0,147600,26193165,4637000,LAX
Hancock Park,276.26,204.68,26.5,0.79,0.21,0.74,3.23,68472,10.06,75.66,0.0,21168,26193165,4637000,LAX
Harbor City,133.83,275.14,20.34,0.63,0.37,1.12,7.57,59360,12.1,127.5,841759.52,7840,26193165,4637000,LAX
Harbor Gateway,118.65,222.14,28.22,0.88,0.12,0.73,3.55,94535,8.84,112.6,808873.36,26645,26193165,4637000,LAX
Harvard Heights,152.06,235.87,25.31,0.76,0.24,0.73,3.55,21140,9.27,225.8,928739.33,5950,26193165,4637000,LAX
Harvard Park,113.22,202.08,48.46,0.77,0.23,1.44,7.92,32548,6.67,120.82,0.0,4108,26193165,4637000,LAX
Hasley Canyon,111.0,221.5,15.5,0.5,0.5,5.21,34.5,138,39.0,0.0,0.0,4,26193165,4637000,LAX
Hawaiian Gardens,109.67,168.25,12.12,0.38,0.62,1.98,10.25,82,20.73,0.0,0.0,8,26193165,4637000,LAX
Hawthorne,155.67,160.02,4.68,0.1,0.9,2.35,18.25,64053,3.79,222.0,0.0,3509,26193165,4637000,LAX
Hermosa Beach,353.89,206.65,14.84,0.45,0.55,1.24,8.87,2671,5.39,0.0,0.0,301,26193165,4637000,LAX
Hidden Hills,323.29,208.07,4.07,0.07,0.93,1.82,14.5,203,20.96,0.0,0.0,14,26193165,4637000,LAX
Highland Park,177.69,149.57,23.16,0.75,0.25,1.18,8.88,631764,17.21,133.83,1102246.73,71162,26193165,4637000,LAX
Historic South-Central,107.59,162.95,29.04,0.85,0.15,0.9,4.04,222,9.99,0.0,0.0,55,26193165,4637000,LAX
Hollywood,182.92,186.83,26.12,0.82,0.18,0.95,3.63,2275512,11.56,184.94,1242633.5,626934,26193165,4637000,LAX
Hollywood Hills,382.4,194.49,23.27,0.7,0.3,1.14,6.33,1206828,12.78,117.77,2386163.3,190512,26193165,4637000,LAX
Hollywood Hills West,1147.66,225.7,22.89,0.66,0.34,1.1,5.56,3709,11.46,0.0,0.0,667,26193165,4637000,LAX
Huntington Park,138.59,188.17,7.78,0.22,0.78,1.24,6.35,146,10.99,0.0,0.0,23,26193165,4637000,LAX
Hyde Park,153.41,172.07,25.11,0.77,0.23,1.08,6.14,344790,5.42,107.9,0.0,56160,26193165,4637000,LAX
Industry,142.11,67.16,57.32,0.53,0.47,0.76,5.68,108,29.58,0.0,0.0,19,26193165,4637000,LAX
Inglewood,163.23,207.48,28.07,0.8,0.2,1.39,6.85,3137,3.92,0.0,0.0,458,26193165,4637000,LAX
Irwindale,99.38,306.38,2.12,0.0,1.0,2.35,21.0,168,27.89,0.0,0.0,8,26193165,4637000,LAX
Jefferson Park,161.28,187.76,25.49,0.74,0.26,1.34,7.63,36846,7.8,159.54,930760.4,4830,26193165,4637000,LAX
Koreatown,132.0,199.55,27.21,0.85,0.15,0.7,1.92,182178,10.4,271.82,1266502.85,94656,26193165,4637000,LAX
La Canada Flintridge,393.36,141.54,7.43,0.13,0.87,0.81,4.63,213,21.85,0.0,0.0,46,26193165,4637000,LAX
La Crescenta-Montrose,286.49,175.62,6.56,0.16,0.84,1.6,12.18,113436,21.83,96.6,0.0,9315,26193165,4637000,LAX
La Habra Heights,209.4,186.27,53.8,0.67,0.33,0.37,3.13,329,26.0,95.0,0.0,105,26193165,4637000,LAX
La Mirada,140.31,228.85,6.75,0.17,0.83,1.39,7.71,370,22.84,0.0,0.0,48,26193165,4637000,LAX
La Puente,110.23,136.8,5.87,0.15,0.85,1.39,10.59,572,26.77,0.0,0.0,54,26193165,4637000,LAX
La Verne,105.37,271.62,14.92,0.46,0.54,1.16,11.58,30702,38.4,41.75,0.0,2652,26193165,4637000,LAX
Ladera Heights,258.14,208.91,11.88,0.18,0.82,1.72,11.21,88608,3.61,63.98,0.0,7904,26193165,4637000,LAX
Lake Balboa,184.81,233.27,27.93,0.77,0.23,0.85,5.15,168575,18.77,143.69,891932.9,32725,26193165,4637000,LAX
Lake Hughes,171.7,324.0,2.3,0.0,1.0,1.06,8.8,3784,50.72,11.58,0.0,430,26193165,4637000,LAX
Lake Los Angeles,99.0,150.14,1.29,0.0,1.0,0.41,0.29,648,56.8,41.38,0.0,2268,26193165,4637000,LAX
Lake View Terrace,331.4,292.5,30.0,1.0,0.0,1.24,4.0,24,23.6,0.0,0.0,6,26193165,4637000,LAX
Lakewood,150.86,189.22,12.8,0.39,0.61,1.4,11.32,2514,17.89,39.0,0.0,222,26193165,4637000,LAX
Lancaster,106.62,232.11,5.61,0.1,0.9,1.36,9.58,3679,52.91,0.0,0.0,384,26193165,4637000,LAX
Larchmont,207.36,169.3,24.45,0.77,0.23,0.85,4.84,373,10.96,0.0,0.0,77,26193165,4637000,LAX
Lawndale,136.86,171.72,9.55,0.22,0.78,1.52,12.58,1434,4.94,0.0,0.0,114,26193165,4637000,LAX
Leimert Park,144.7,219.36,25.92,0.82,0.18,1.01,5.66,50374,6.85,88.92,1032346.48,8900,26193165,4637000,LAX
Lennox,135.27,208.21,5.7,0.12,0.88,2.84,21.8,146578,3.06,244.86,0.0,6723,26193165,4637000,LAX
Leona Valley,167.7,296.45,1.73,0.0,1.0,0.66,6.09,2814,46.46,36.4,0.0,462,26193165,4637000,LAX
Lincoln Heights,143.23,145.37,26.96,0.88,0.12,0.63,3.81,47520,14.64,122.31,747115.39,12480,26193165,4637000,LAX
Lomita,161.81,202.59,5.74,0.13,0.87,1.72,10.28,401,11.55,0.0,0.0,39,26193165,4637000,LAX
Long Beach,192.17,199.67,16.38,0.43,0.57,1.8,13.14,367320,17.88,96.6,0.0,27960,26193165,4637000,LAX
Lopez/Kagel Canyons,189.2,246.67,6.33,0.17,0.83,2.17,16.33,98,24.78,0.0,0.0,6,26193165,4637000,LAX
Los Feliz,267.97,144.65,27.75,0.83,0.17,0.95,5.46,369058,13.3,93.11,2294038.19,67574,26193165,4637000,LAX
Lynwood,141.25,225.1,1.95,0.02,0.98,2.02,16.15,7944,11.65,0.5,0.0,492,26193165,4637000,LAX
Malibu,1683.76,214.61,13.54,0.33,0.67,1.5,10.14,4188,19.75,0.0,0.0,413,26193165,4637000,LAX
Manchester Square,148.67,188.33,24.94,0.81,0.19,0.94,5.12,23616,6.03,87.59,0.0,4608,26193165,4637000,LAX
Manhattan Beach,475.2,185.19,24.75,0.48,0.52,1.46,9.83,4215,3.39,0.0,0.0,429,26193165,4637000,LAX
Mar Vista,210.15,171.58,27.83,0.78,0.22,1.09,6.92,749760,4.79,111.48,1935027.48,108275,26193165,4637000,LAX
Marina del Rey,324.94,201.91,5.08,0.11,0.89,1.67,9.2,100352,3.7,355.41,0.0,10912,26193165,4637000,LAX
Mayflower Village,186.26,172.1,5.43,0.14,0.86,1.71,9.57,689,25.98,0.0,0.0,72,26193165,4637000,LAX
Maywood,82.5,316.64,9.73,0.0,1.0,0.43,2.0,22,13.48,0.0,0.0,11,26193165,4637000,LAX
Mid-City,178.69,201.28,25.62,0.79,0.21,0.99,5.05,341810,7.43,109.44,0.0,67697,26193165,4637000,LAX
Mid-Wilshire,173.35,202.4,28.99,0.88,0.12,0.69,3.13,1678,8.8,0.0,0.0,536,26193165,4637000,LAX
Mission Hills,165.62,208.94,20.72,0.67,0.33,1.32,7.67,31050,22.44,103.7,840618.55,4050,26193165,4637000,LAX
Monrovia,155.22,196.37,6.03,0.11,0.89,1.62,12.57,109472,27.21,85.57,0.0,8712,26193165,4637000,LAX
Montebello,152.19,181.3,4.31,0.09,0.91,1.72,12.63,682,17.73,0.0,0.0,54,26193165,4637000,LAX
Montecito Heights,142.75,155.73,24.17,0.77,0.23,1.22,7.84,635,16.07,0.0,919100.86,81,26193165,4637000,LAX
Monterey Park,170.85,214.92,6.13,0.09,0.91,1.82,11.57,4143,17.95,0.0,0.0,358,26193165,4637000,LAX
Mount Washington,202.08,123.7,21.85,0.67,0.33,1.18,8.67,919,15.66,0.0,1223748.7,106,26193165,4637000,LAX
North El Monte,148.55,174.79,18.5,0.14,0.86,1.61,11.04,309,24.68,0.0,0.0,28,26193165,4637000,LAX
North Hills,154.99,216.99,21.81,0.71,0.29,1.19,7.19,176000,21.07,211.16,904015.03,24475,26193165,4637000,LAX
North Hollywood,173.95,197.73,30.74,0.83,0.17,0.8,3.87,1692512,16.17,156.43,921507.53,437656,26193165,4637000,LAX
North Whittier,255.75,153.4,3.2,0.0,1.0,1.42,9.4,3525,21.04,100.85,0.0,375,26193165,4637000,LAX
Northeast Antelope Valley,163.17,242.8,2.56,0.0,1.0,1.06,7.68,192,59.39,0.0,0.0,25,26193165,4637000,LAX
Northridge,227.82,220.66,24.54,0.76,0.24,1.02,5.76,451936,21.43,147.13,1146275.75,78416,26193165,4637000,LAX
Northwest Antelope Valley,124.64,218.71,6.86,0.07,0.93,0.9,4.57,64,57.13,0.0,0.0,14,26193165,4637000,LAX
Northwest Palmdale,163.27,277.77,6.95,0.14,0.86,0.71,5.23,115,48.96,0.0,0.0,22,26193165,4637000,LAX
Norwalk,110.81,181.14,4.42,0.09,0.91,2.7,23.42,2225,18.84,0.0,0.0,95,26193165,4637000,LAX
Pacific Palisades,604.43,193.11,25.92,0.8,0.2,0.72,2.39,70434,10.24,81.21,4353481.51,29412,26193165,4637000,LAX
Pacoima,112.11,209.29,20.43,0.67,0.33,1.63,10.33,83111,22.62,188.14,732634.51,8043,26193165,4637000,LAX
Palmdale,125.34,240.48,5.77,0.11,0.89,1.03,5.24,136880,47.48,5.16,0.0,26100,26193165,4637000,LAX
Palms,133.21,199.95,34.53,0.91,0.09,0.6,2.97,155682,5.69,226.7,1483020.16,52452,26193165,4637000,LAX
Palos Verdes Estates,736.59,170.86,18.0,0.54,0.46,0.25,0.68,19,10.54,0.0,0.0,28,26193165,4637000,LAX
Panorama City,115.61,200.61,26.54,0.88,0.12,0.77,3.78,38750,19.93,278.99,740848.61,10250,26193165,4637000,LAX
Paramount,145.65,194.2,3.4,0.04,0.96,1.19,6.8,170,14.39,0.0,0.0,25,26193165,4637000,LAX
Pasadena,436.67,176.51,15.77,0.31,0.69,1.56,11.49,8044,21.48,0.0,0.0,700,26193165,4637000,LAX
Pico Rivera,122.73,168.89,4.78,0.09,0.91,1.7,13.22,727,18.54,0.0,0.0,55,26193165,4637000,LAX
Pico-Robertson,183.1,239.26,24.23,0.75,0.25,0.7,1.84,527,7.96,0.0,1864956.4,286,26193165,4637000,LAX
Pico-Union,126.71,232.88,29.76,0.89,0.11,0.59,1.88,55180,10.09,219.24,851978.32,29370,26193165,4637000,LAX
Playa Vista,227.47,182.11,30.72,0.86,0.14,0.49,2.21,29645,2.54,134.13,2344079.88,13431,26193165,4637000,LAX
Playa del Rey,291.68,162.29,27.36,0.79,0.21,0.9,5.18,627,2.29,0.0,0.0,121,26193165,4637000,LAX
Pomona,120.1,193.55,16.61,0.33,0.67,1.53,9.41,46488,38.42,111.69,0.0,4940,26193165,4637000,LAX
Porter Ranch,232.78,195.41,22.38,0.72,0.28,1.0,6.75,69552,24.37,110.92,1400133.48,10304,26193165,4637000,LAX
Quartz Hill,102.28,245.39,4.95,0.08,0.92,1.32,9.92,57304,50.37,87.3,0.0,5776,26193165,4637000,LAX
Rancho Dominguez,236.0,84.25,2.25,0.0,1.0,0.27,1.25,420,12.09,38.57,0.0,336,26193165,4637000,LAX
Rancho Palos Verdes,659.26,220.44,26.32,0.53,0.47,0.7,3.67,455,13.26,0.0,0.0,124,26193165,4637000,LAX
Rancho Park,149.63,183.83,25.7,0.78,0.22,0.99,5.11,21385,6.47,73.22,0.0,4186,26193165,4637000,LAX
Redondo Beach,233.15,176.34,11.41,0.3,0.7,1.19,8.08,3840,6.63,0.0,0.0,475,26193165,4637000,LAX
Reseda,155.38,218.98,25.66,0.82,0.18,1.01,5.28,517377,19.43,149.79,832706.91,97909,26193165,4637000,LAX
Ridge Route,314.2,124.2,1.4,0.0,1.0,2.62,26.2,131,46.58,0.0,0.0,5,26193165,4637000,LAX
Rolling Hills,214.8,276.5,6.83,0.17,0.83,2.55,26.17,157,11.95,0.0,0.0,6,26193165,4637000,LAX
Rolling Hills Estates,353.93,177.72,19.11,0.61,0.39,1.03,3.11,56,12.02,0.0,0.0,18,26193165,4637000,LAX
Rosemead,116.06,198.57,8.81,0.21,0.79,1.8,10.69,1400,20.56,0.0,0.0,131,26193165,4637000,LAX
Rowland Heights,150.83,183.34,7.93,0.09,0.91,1.56,10.4,2019556,29.59,145.46,0.0,194220,26193165,4637000,LAX
San Dimas,157.82,188.98,5.55,0.14,0.86,0.91,4.0,176,35.4,0.0,0.0,44,26193165,4637000,LAX
San Fernando,146.41,264.75,4.12,0.06,0.94,2.48,20.0,640,23.9,0.0,0.0,32,26193165,4637000,LAX
San Gabriel,130.34,178.73,8.17,0.07,0.93,1.68,12.58,2894,20.49,0.0,0.0,230,26193165,4637000,LAX
San Marino,226.12,214.19,11.76,0.24,0.76,0.51,1.48,31,21.07,0.0,0.0,21,26193165,4637000,LAX
San Pasqual,139.67,229.53,14.73,0.4,0.6,1.13,6.07,3276,22.24,58.36,0.0,540,26193165,4637000,LAX
San Pedro,186.74,219.96,26.48,0.73,0.27,1.14,6.61,832500,16.01,100.42,941258.65,126000,26193165,4637000,LAX
Santa Clarita,203.05,197.52,9.22,0.19,0.81,1.47,10.14,3560,33.33,0.0,0.0,351,26193165,4637000,LAX
Santa Fe Springs,178.5,223.64,2.57,0.0,1.0,2.62,19.5,273,19.61,0.0,0.0,14,26193165,4637000,LAX
Santa Monica,243.33,194.35,15.94,0.4,0.6,1.57,10.81,13734,6.94,0.0,0.0,1270,26193165,4637000,LAX
Sawtelle,163.56,177.33,28.13,0.88,0.12,0.77,3.44,1551,7.28,0.0,1466548.09,451,26193165,4637000,LAX
Sepulveda Basin,287.8,195.6,19.0,0.6,0.4,0.67,2.4,12,16.96,0.0,0.0,5,26193165,4637000,LAX
Shadow Hills,181.97,200.14,26.19,0.86,0.14,0.93,4.59,6460,20.92,122.34,1307731.29,1406,26193165,4637000,LAX
Sherman Oaks,400.03,208.07,25.67,0.75,0.25,0.91,5.24,1838406,14.97,126.55,1736301.06,351164,26193165,4637000,LAX
Sierra Madre,279.58,174.29,5.04,0.08,0.92,2.06,18.83,452,25.62,0.0,0.0,24,26193165,4637000,LAX
Signal Hill,163.47,133.33,11.1,0.33,0.67,1.62,11.21,538,17.01,0.0,0.0,48,26193165,4637000,LAX
Silver Lake,212.94,167.15,25.62,0.73,0.27,1.14,8.18,4056,12.95,0.0,1607450.98,496,26193165,4637000,LAX
South Diamond Bar,,0.0,30.0,1.0,0.0,,0.0,0,32.91,0.0,0.0,1,26193165,4637000,LAX
South El Monte,97.82,183.63,6.59,0.18,0.82,2.71,22.65,12210,22.05,152.09,0.0,539,26193165,4637000,LAX
South Gate,132.36,200.29,5.85,0.02,0.98,2.49,21.41,878,11.94,0.0,0.0,41,26193165,4637000,LAX
South Park,67.12,265.55,30.0,1.0,0.0,0.07,0.15,546,8.82,197.85,0.0,3640,26193165,4637000,LAX
South Pasadena,196.26,161.93,3.58,0.04,0.96,1.79,14.0,1358,18.54,0.0,0.0,97,26193165,4637000,LAX
South San Gabriel,92.88,216.28,2.1,0.02,0.98,2.12,15.87,104244,19.5,115.9,0.0,6570,26193165,4637000,LAX
South San Jose Hills,114.52,208.12,39.77,0.38,0.62,1.49,12.23,318,29.68,0.0,0.0,26,26193165,4637000,LAX
South Whittier,183.56,187.34,5.74,0.13,0.87,2.32,17.92,390450,21.83,137.26,0.0,21783,26193165,4637000,LAX
Southeast Antelope Valley,365.0,241.89,5.19,0.14,0.86,1.69,6.39,9660,46.57,17.36,0.0,1512,26193165,4637000,LAX
Stevenson Ranch,289.85,210.56,8.81,0.31,0.69,1.29,5.69,13650,32.31,139.79,0.0,2400,26193165,4637000,LAX
Studio City,499.84,200.03,24.26,0.71,0.29,1.11,6.47,524040,13.99,101.98,2041357.44,80960,26193165,4637000,LAX
Sun Valley,161.49,216.08,23.87,0.78,0.22,1.1,4.14,197015,18.91,117.56,872379.5,47630,26193165,4637000,LAX
Sun Village,52.0,176.0,13.2,0.2,0.8,3.26,25.0,20875,49.62,37.65,0.0,835,26193165,4637000,LAX
Sunland,179.88,250.2,27.8,0.9,0.1,0.37,0.5,915,23.06,113.49,896128.04,1830,26193165,4637000,LAX
Sylmar,148.61,214.21,21.9,0.71,0.29,1.33,8.06,204723,25.39,154.84,842201.71,25392,26193165,4637000,LAX
Tarzana,552.2,209.21,23.15,0.71,0.29,0.84,4.39,160890,17.63,166.68,1557445.87,36642,26193165,4637000,LAX
Temple City,143.61,141.75,14.76,0.4,0.6,0.88,3.95,596,22.83,0.0,0.0,151,26193165,4637000,LAX
Toluca Lake,229.27,213.55,23.37,0.75,0.25,1.09,7.01,43824,14.96,100.55,2047879.72,6248,26193165,4637000,LAX
Topanga,305.95,186.29,4.39,0.07,0.93,2.24,17.55,6599,15.5,0.0,0.0,376,26193165,4637000,LAX
Torrance,166.69,191.24,12.28,0.24,0.76,1.22,8.22,3172,8.54,0.0,0.0,386,26193165,4637000,LAX
Tujunga,162.38,210.5,30.65,0.81,0.19,0.38,0.81,4263,22.45,134.79,973924.67,5278,26193165,4637000,LAX
Tujunga Canyons,313.5,196.0,3.41,0.06,0.94,1.64,5.29,90,32.51,0.0,0.0,17,26193165,4637000,LAX
Unincorporated Catalina Island,668.8,263.7,1.0,0.0,1.0,0.95,7.0,70,39.31,0.0,0.0,10,26193165,4637000,LAX
Unincorporated Santa Monica Mountains,625.53,189.26,4.39,0.08,0.92,1.86,14.51,2540,21.81,0.0,0.0,175,26193165,4637000,LAX
Unincorporated Santa Susana Mountains,342.52,229.54,8.11,0.21,0.79,1.2,5.14,144,32.46,0.0,0.0,28,26193165,4637000,LAX
Universal City,352.2,152.72,3.02,0.04,0.96,2.31,14.23,2007,13.89,0.0,0.0,141,26193165,4637000,LAX
University Park,89.66,136.24,30.85,0.99,0.01,0.5,1.69,18720,9.5,165.08,1127309.06,11076,26193165,4637000,LAX
Val Verde,158.0,22.5,1.25,0.0,1.0,1.96,10.25,3936,37.58,32.25,0.0,384,26193165,4637000,LAX
Valinda,126.31,195.98,1.89,0.0,1.0,1.91,12.96,71709,28.26,182.41,0.0,5535,26193165,4637000,LAX
Valley Glen,251.43,200.09,23.19,0.72,0.28,1.2,6.82,271395,16.66,174.56,1081560.02,39772,26193165,4637000,LAX
Valley Village,279.5,189.41,23.72,0.77,0.23,0.86,3.93,125442,15.35,123.12,1487240.34,31916,26193165,4637000,LAX
Van Nuys,170.06,194.68,25.24,0.78,0.22,1.08,5.2,438515,17.45,234.65,874440.97,84315,26193165,4637000,LAX
Venice,320.16,174.71,27.73,0.73,0.27,1.08,6.14,5118496,4.68,61.48,2138572.16,833952,26193165,4637000,LAX
Vermont Knolls,130.85,170.39,26.75,0.81,0.19,0.72,4.19,22197,7.01,120.03,0.0,5292,26193165,4637000,LAX
Vermont Square,140.82,190.03,25.57,0.81,0.19,0.89,5.5,54351,7.84,124.26,0.0,9882,26193165,4637000,LAX
Vermont Vista,106.21,275.28,27.2,0.9,0.1,0.65,1.98,21483,6.99,184.3,0.0,10850,26193165,4637000,LAX
Vermont-Slauson,82.2,165.03,27.32,0.9,0.1,1.04,5.35,166,7.4,0.0,0.0,31,26193165,4637000,LAX
Vernon,178.52,195.06,1.46,0.01,0.99,2.61,19.05,3181,11.06,0.0,0.0,167,26193165,4637000,LAX
Veterans Administration,262.74,108.71,18.9,0.17,0.83,1.5,8.26,347,8.34,0.0,0.0,42,26193165,4637000,LAX
View Park-Windsor Hills,230.22,191.4,9.83,0.13,0.87,2.18,16.97,3649,5.22,0.0,0.0,215,26193165,4637000,LAX
Vincent,96.44,191.0,6.21,0.11,0.89,1.56,12.68,241,29.83,0.0,0.0,19,26193165,4637000,LAX
Walnut,153.95,146.89,8.06,0.19,0.81,0.85,4.11,4584,31.98,0.0,0.0,1116,26193165,4637000,LAX
Walnut Park,113.0,154.0,2.0,0.0,1.0,4.63,33.0,1683,10.93,298.31,0.0,51,26193165,4637000,LAX
Watts,42.58,223.88,26.94,0.88,0.12,0.82,5.38,16512,9.96,220.03,590759.81,3072,26193165,4637000,LAX
West Adams,170.1,198.64,25.48,0.75,0.25,1.14,5.81,115200,6.84,205.88,1015629.15,19840,26193165,4637000,LAX
West Carson,127.08,164.98,7.09,0.15,0.85,1.69,11.89,109782,10.48,133.74,0.0,9234,26193165,4637000,LAX
West Compton,126.5,162.46,29.31,0.08,0.92,1.43,11.54,150,8.9,0.0,0.0,13,26193165,4637000,LAX
West Covina,190.89,172.48,10.72,0.23,0.77,1.44,9.48,2294,29.92,0.0,0.0,242,26193165,4637000,LAX
West Hills,248.14,232.65,24.69,0.73,0.27,0.88,4.14,291772,22.19,96.94,1091397.6,70525,26193165,4637000,LAX
West Hollywood,329.01,210.13,19.07,0.41,0.59,1.62,8.25,9834,10.56,0.0,0.0,1192,26193165,4637000,LAX
West Los Angeles,183.54,213.81,28.25,0.85,0.15,0.6,3.67,160380,7.42,139.3,2053466.14,43740,26193165,4637000,LAX
West Puente Valley,119.27,140.64,5.71,0.14,0.86,2.54,18.43,15480,26.01,151.97,0.0,840,26193165,4637000,LAX
West Whittier-Los Nietos,115.06,139.88,7.85,0.12,0.88,1.6,11.5,299,19.67,0.0,0.0,26,26193165,4637000,LAX
Westchester,193.38,203.73,26.1,0.76,0.24,1.05,4.54,769419,1.88,89.52,1558285.29,169533,26193165,4637000,LAX
Westlake,145.99,224.31,26.77,0.84,0.16,0.66,2.26,195932,11.32,386.49,866764.06,86870,26193165,4637000,LAX
Westlake Village,386.55,205.67,10.17,0.25,0.75,1.01,6.17,74,27.1,0.0,0.0,12,26193165,4637000,LAX
Westmont,181.8,179.2,4.85,0.1,0.9,2.56,17.02,1515,5.92,0.0,0.0,89,26193165,4637000,LAX
Westwood,237.08,193.1,31.07,0.91,0.09,0.52,2.32,265013,8.37,198.04,2974039.21,114155,26193165,4637000,LAX
Whittier,181.54,181.7,4.59,0.06,0.94,1.91,15.24,95382,21.82,85.55,0.0,6258,26193165,4637000,LAX
Willowbrook,150.35,223.25,3.41,0.09,0.91,1.98,13.52,196350,8.85,108.35,0.0,14520,26193165,4637000,LAX
Wilmington,123.75,192.94,25.0,0.82,0.18,1.5,7.88,77318,13.96,89.24,700939.38,9809,26193165,4637000,LAX
Windsor Square,153.3,164.62,25.0,0.81,0.19,1.36,7.04,183,10.22,0.0,0.0,26,26193165,4637000,LAX
Winnetka,173.46,212.35,24.75,0.79,0.21,1.04,5.83,218295,20.65,166.44,876532.31,37422,26193165,4637000,LAX
Woodland Hills,390.68,226.56,26.53,0.79,0.21,0.79,3.87,1320501,19.28,111.89,1379860.4,340795,26193165,4637000,LAX
Allerton,118.71,212.88,28.67,0.95,0.05,1.12,3.26,137,6.12,0.0,0.0,42,15871162,8478000,LGA
Arden Heights,78.0,211.0,45.0,1.0,0.0,0.73,2.0,16,22.19,25117.0,554734.99,8,15871162,8478000,LGA
Arrochar,151.4,185.5,25.33,0.83,0.17,1.28,5.17,62,16.4,0.0,833909.53,12,15871162,8478000,LGA
Arverne,237.1,206.9,25.93,0.86,0.14,0.81,3.71,334,13.35,0.0,624634.43,90,15871162,8478000,LGA
Astoria,112.79,134.68,29.09,0.88,0.12,0.97,4.77,5432,2.63,83957.5,1095671.94,1138,15871162,8478000,LGA
Bath Beach,129.89,220.76,22.28,0.68,0.32,1.39,12.2,610,13.8,29251.5,1063440.57,50,15871162,8478000,LGA
Battery Park City,753.67,101.34,28.58,0.83,0.17,1.22,6.24,549,8.73,0.0,0.0,88,15871162,8478000,LGA
Bay Ridge,104.03,160.91,29.65,0.93,0.07,0.76,2.21,518,12.83,79955.0,1312601.89,234,15871162,8478000,LGA
Bay Terrace,126.33,131.0,23.0,0.75,0.25,0.8,7.75,31,4.76,0.0,702250.23,4,15871162,8478000,LGA
"Bay Terrace, Staten Island",,0.0,2.0,0.0,1.0,0.06,0.0,0,20.49,0.0,0.0,1,15871162,8478000,LGA
Baychester,99.36,186.56,32.06,0.94,0.06,0.79,1.5,27,6.77,0.0,683383.93,18,15871162,8478000,LGA
Bayside,169.39,175.31,27.93,0.91,0.09,0.85,2.62,118,5.57,0.0,1091566.13,45,15871162,8478000,LGA
Bayswater,80.5,180.56,26.5,0.88,0.12,0.96,7.88,126,13.09,0.0,0.0,16,15871162,8478000,LGA
Bedford-Stuyvesant,139.37,160.61,28.64,0.89,0.11,0.9,4.3,11475,7.09,0.0,1478336.29,2669,15871162,8478000,LGA
Belle Harbor,200.0,273.57,21.86,0.71,0.29,1.06,6.57,46,13.78,0.0,1125000.94,7,15871162,8478000,LGA
Bellerose,130.36,201.76,26.59,0.88,0.12,1.24,5.94,202,8.33,24875.5,796898.56,34,15871162,8478000,LGA
Belmont,103.0,192.97,31.1,0.97,0.03,0.56,1.2,72,5.44,26672.5,586626.98,60,15871162,8478000,LGA
Bensonhurst,104.73,195.81,28.19,0.9,0.1,0.81,3.43,199,13.03,0.0,1138595.66,58,15871162,8478000,LGA
Bergen Beach,194.8,254.62,22.94,0.75,0.25,1.04,6.19,99,10.64,0.0,844706.49,16,15871162,8478000,LGA
Boerum Hill,313.12,114.56,30.76,0.88,0.12,0.84,4.53,557,8.56,0.0,3348343.96,123,15871162,8478000,LGA
Borough Park,81.0,125.41,28.27,0.94,0.06,0.53,1.61,206,11.51,103706.0,1619177.92,128,15871162,8478000,LGA
Breezy Point,138.75,365.0,30.0,1.0,0.0,0.69,0.25,1,14.45,0.0,0.0,4,15871162,8478000,LGA
Briarwood,278.87,231.38,27.21,0.9,0.1,0.82,3.15,123,5.59,0.0,806608.72,39,15871162,8478000,LGA
Brighton Beach,119.05,166.14,29.0,0.95,0.05,0.75,4.18,476,14.4,35395.5,736899.65,114,15871162,8478000,LGA
Bronxdale,72.91,159.56,30.0,1.0,0.0,0.57,0.56,20,5.43,34923.5,0.0,36,15871162,8478000,LGA
Brooklyn Heights,292.36,115.96,32.73,0.99,0.01,0.36,0.54,50,8.49,0.0,4855959.17,93,15871162,8478000,LGA
Brownsville,131.82,212.53,23.66,0.73,0.27,1.2,8.15,1402,8.07,58699.5,643394.38,172,15871162,8478000,LGA
Bull's Head,149.38,227.22,20.33,0.67,0.33,1.8,16.11,145,19.06,0.0,0.0,9,15871162,8478000,LGA
Bushwick,125.91,146.24,29.78,0.92,0.08,0.7,3.06,4637,6.11,0.0,1139313.48,1516,15871162,8478000,LGA
Cambria Heights,132.47,205.86,24.31,0.8,0.2,1.21,5.37,698,9.29,19810.5,696995.06,130,15871162,8478000,LGA
Canarsie,176.54,212.09,22.52,0.72,0.28,1.5,8.81,3804,9.64,84375.5,698575.84,432,15871162,8478000,LGA
Carroll Gardens,284.54,96.91,29.6,0.93,0.07,0.69,3.37,509,9.23,0.0,3172991.21,151,15871162,8478000,LGA
Castle Hill,115.0,259.12,54.0,0.38,0.62,4.27,19.62,157,3.06,0.0,664403.68,8,15871162,8478000,LGA
Castleton Corners,125.75,156.33,25.17,0.83,0.17,0.94,5.83,35,17.1,0.0,744241.44,6,15871162,8478000,LGA
Chelsea,293.46,163.83,31.22,0.86,0.14,1.09,6.98,6091,6.86,0.0,2607696.5,873,15871162,8478000,LGA
"Chelsea, Staten Island",70.0,365.0,30.0,1.0,0.0,0.06,1.0,1,20.55,0.0,0.0,1,15871162,8478000,LGA
Chinatown,212.22,153.95,25.23,0.8,0.2,1.37,7.16,4054,7.6,50109.5,0.0,566,15871162,8478000,LGA
City Island,139.0,207.0,25.86,0.86,0.14,0.91,5.5,77,6.69,0.0,675766.56,14,15871162,8478000,LGA
Civic Center,284.62,63.24,25.92,0.84,0.16,0.53,1.56,39,8.09,0.0,0.0,25,15871162,8478000,LGA
Claremont Village,114.46,195.61,33.59,0.88,0.12,0.76,3.45,193,4.78,0.0,0.0,56,15871162,8478000,LGA
Clason Point,110.03,240.06,25.36,0.83,0.17,0.71,5.0,180,2.57,0.0,0.0,36,15871162,8478000,LGA
Clifton,117.25,175.0,21.5,0.7,0.3,1.58,13.6,136,15.28,0.0,565055.49,10,15871162,8478000,LGA
Clinton Hill,227.6,125.86,30.61,0.94,0.06,0.62,2.76,1946,7.81,34041.5,2313914.2,704,15871162,8478000,LGA
Co-op City,57.0,266.0,30.0,1.0,0.0,0.3,1.0,7,6.63,0.0,615007.16,7,15871162,8478000,LGA
Cobble Hill,278.41,109.57,31.37,0.93,0.07,0.6,2.2,119,8.84,0.0,4430272.41,54,15871162,8478000,LGA
College Point,139.92,181.79,22.23,0.68,0.32,1.61,10.13,952,1.64,22841.0,891854.08,94,15871162,8478000,LGA
Columbia St,331.2,54.72,28.56,0.94,0.06,0.88,2.44,44,9.25,0.0,0.0,18,15871162,8478000,LGA
Concord,131.75,243.33,85.83,1.0,0.0,0.34,0.83,5,16.36,0.0,0.0,6,15871162,8478000,LGA
Concourse,108.35,196.76,24.03,0.78,0.22,1.45,11.68,432,4.34,0.0,529386.04,37,15871162,8478000,LGA
Concourse Village,114.58,231.56,36.72,0.88,0.12,0.91,1.59,51,4.31,0.0,0.0,32,15871162,8478000,LGA
Coney Island,115.79,255.41,28.95,0.95,0.05,0.8,1.09,24,14.98,0.0,685385.82,22,15871162,8478000,LGA
Corona,100.64,218.39,23.61,0.78,0.22,1.26,5.72,618,2.44,54870.0,883383.05,108,15871162,8478000,LGA
Country Club,107.5,131.75,23.25,0.75,0.25,0.42,0.0,0,5.41,0.0,744340.53,4,15871162,8478000,LGA
Crown Heights,180.37,155.76,30.69,0.88,0.12,0.85,3.74,4425,8.09,0.0,1462757.35,1184,15871162,8478000,LGA
Cypress Hills,108.89,216.16,26.01,0.8,0.2,1.29,7.58,1221,6.56,0.0,0.0,161,15871162,8478000,LGA
DUMBO,288.56,137.1,31.28,0.79,0.21,1.06,7.31,212,7.81,0.0,0.0,29,15871162,8478000,LGA
Ditmars Steinway,106.22,160.2,59.92,0.85,0.15,1.16,5.38,1130,1.95,0.0,0.0,210,15871162,8478000,LGA
Dongan Hills,166.0,246.5,30.0,1.0,0.0,0.14,0.5,2,17.48,0.0,761418.68,4,15871162,8478000,LGA
Douglaston,95.4,231.2,24.2,0.8,0.2,0.91,3.8,19,7.14,0.0,1277566.74,5,15871162,8478000,LGA
Downtown Brooklyn,249.75,135.72,29.11,0.76,0.24,1.07,6.43,482,8.12,0.0,0.0,75,15871162,8478000,LGA
Dyker Heights,110.78,175.2,50.13,0.93,0.07,0.65,4.0,120,12.75,40875.5,1199188.29,30,15871162,8478000,LGA
East Elmhurst,116.98,198.66,25.56,0.82,0.18,1.82,7.6,2750,1.09,22166.5,894974.8,362,15871162,8478000,LGA
East Flatbush,130.5,215.07,27.28,0.84,0.16,1.03,5.22,2636,9.38,0.0,713922.28,505,15871162,8478000,LGA
East Harlem,147.17,147.21,31.17,0.93,0.07,0.68,2.28,1606,3.86,0.0,872471.14,704,15871162,8478000,LGA
East Morrisania,140.5,100.8,27.2,0.9,0.1,0.54,3.3,33,3.96,0.0,0.0,10,15871162,8478000,LGA
East New York,144.1,215.96,25.48,0.79,0.21,1.27,7.29,4462,7.54,87616.5,683701.16,612,15871162,8478000,LGA
East Village,250.11,109.84,31.04,0.95,0.05,0.52,1.83,3834,6.74,42941.0,2045154.06,2098,15871162,8478000,LGA
Eastchester,137.0,339.2,24.3,0.8,0.2,0.46,1.2,12,7.38,0.0,629255.78,10,15871162,8478000,LGA
Edenwald,75.3,225.61,30.06,0.94,0.06,0.84,1.84,57,7.95,0.0,0.0,31,15871162,8478000,LGA
Edgemere,150.77,289.47,24.47,0.8,0.2,0.56,5.13,77,13.54,0.0,0.0,15,15871162,8478000,LGA
Elmhurst,74.89,77.21,29.5,0.97,0.03,0.59,1.18,680,2.62,88199.5,916749.25,574,15871162,8478000,LGA
Eltingville,102.0,133.0,11.33,0.33,0.67,1.17,8.67,26,21.94,0.0,739650.25,3,15871162,8478000,LGA
Emerson Hill,171.4,177.25,27.12,0.88,0.12,0.32,0.25,2,17.82,0.0,906141.24,8,15871162,8478000,LGA
Far Rockaway,151.71,259.1,29.53,0.98,0.02,0.43,0.54,32,13.81,0.0,747505.89,59,15871162,8478000,LGA
Fieldston,204.75,269.78,30.0,1.0,0.0,0.54,0.78,7,8.06,0.0,0.0,9,15871162,8478000,LGA
Financial District,331.46,141.16,22.57,0.62,0.38,1.66,6.46,3902,8.55,0.0,1065052.55,604,15871162,8478000,LGA
Flatbush,149.62,154.0,28.73,0.89,0.11,0.72,3.27,3080,10.15,108339.5,937652.15,942,15871162,8478000,LGA
Flatiron District,415.02,198.87,22.87,0.75,0.25,1.54,13.13,1011,6.51,0.0,1745571.6,77,15871162,8478000,LGA
Flatlands,146.18,215.21,26.14,0.83,0.17,1.1,4.5,928,10.91,65744.0,696120.5,206,15871162,8478000,LGA
Flushing,106.45,157.71,30.04,0.85,0.15,1.12,6.21,5598,3.27,70685.0,1076601.56,902,15871162,8478000,LGA
Fordham,87.3,165.26,29.41,0.98,0.02,0.42,1.22,56,5.99,0.0,513471.19,46,15871162,8478000,LGA
Forest Hills,135.23,149.82,37.91,0.91,0.09,0.83,4.17,858,4.09,84387.0,1182155.7,206,15871162,8478000,LGA
Fort Greene,181.32,114.2,29.56,0.94,0.06,0.52,2.12,1198,7.99,27207.0,2495976.44,564,15871162,8478000,LGA
Fort Hamilton,106.47,218.75,12.33,0.35,0.65,3.1,20.13,1872,13.74,0.0,0.0,93,15871162,8478000,LGA
Fort Wadsworth,600.0,365.0,30.0,1.0,0.0,,0.0,0,16.03,0.0,0.0,1,15871162,8478000,LGA
Fresh Meadows,117.27,188.11,24.46,0.8,0.2,0.76,5.03,176,5.21,0.0,1061412.1,35,15871162,8478000,LGA
Gerritsen Beach,233.5,176.0,16.0,0.5,0.5,2.97,14.0,28,13.14,0.0,655364.13,2,15871162,8478000,LGA
Glendale,117.75,240.61,28.43,0.93,0.07,0.79,1.51,208,5.22,31783.5,826751.46,138,15871162,8478000,LGA
Gowanus,236.49,139.09,27.45,0.87,0.13,1.07,8.51,1166,9.25,0.0,1710213.78,137,15871162,8478000,LGA
Gramercy,268.41,137.13,27.49,0.89,0.11,0.75,4.22,2220,6.48,27086.0,3004725.37,526,15871162,8478000,LGA
Graniteville,97.8,307.0,36.4,0.8,0.2,2.3,4.8,24,18.33,0.0,678074.63,5,15871162,8478000,LGA
Grant City,85.67,138.06,41.78,0.94,0.06,0.24,1.56,28,18.46,0.0,729974.38,18,15871162,8478000,LGA
Gravesend,120.32,156.95,29.61,0.95,0.05,0.7,1.54,188,13.49,29346.5,1364163.12,122,15871162,8478000,LGA
Great Kills,91.6,200.83,25.17,0.83,0.17,0.98,4.33,52,21.42,41200.0,716689.91,12,15871162,8478000,LGA
Greenpoint,279.01,110.47,29.04,0.88,0.12,0.43,1.87,2336,5.29,36270.0,1991062.09,1252,15871162,8478000,LGA
Greenwich Village,408.76,99.78,46.85,0.94,0.06,0.3,1.17,239,7.22,0.0,5120955.65,205,15871162,8478000,LGA
Grymes Hill,242.0,199.2,95.8,1.0,0.0,1.17,0.8,4,15.96,0.0,901858.8,5,15871162,8478000,LGA
Harlem,159.83,150.35,29.18,0.88,0.12,0.77,3.55,6128,4.72,0.0,1310644.25,1725,15871162,8478000,LGA
Hell's Kitchen,240.22,181.27,28.29,0.84,0.16,0.83,4.02,6255,6.3,0.0,1105007.95,1556,15871162,8478000,LGA
Highbridge,70.19,109.84,29.2,0.92,0.08,0.61,2.56,128,4.94,35785.5,499422.63,50,15871162,8478000,LGA
Hollis,86.83,166.1,25.75,0.85,0.15,1.02,5.5,220,7.34,20508.0,764951.15,40,15871162,8478000,LGA
Holliswood,289.5,151.0,30.0,1.0,0.0,0.06,0.0,0,6.61,0.0,0.0,3,15871162,8478000,LGA
Howard Beach,154.82,238.79,43.06,0.79,0.21,1.31,4.74,161,8.11,0.0,863607.21,34,15871162,8478000,LGA
Howland Hook,136.5,272.5,30.0,1.0,0.0,0.22,0.0,0,18.71,0.0,0.0,2,15871162,8478000,LGA
Huguenot,109.0,335.0,15.5,0.5,0.5,2.69,9.5,19,22.45,0.0,729341.64,2,15871162,8478000,LGA
Hunts Point,67.44,142.39,28.19,0.94,0.06,0.44,3.55,220,2.79,26173.0,0.0,62,15871162,8478000,LGA
Inwood,97.81,88.05,32.79,0.99,0.01,0.47,0.71,126,6.66,0.0,609348.28,178,15871162,8478000,LGA
Jackson Heights,78.5,110.46,30.68,0.93,0.07,0.74,3.12,1254,1.86,110739.5,907102.33,402,15871162,8478000,LGA
Jamaica,122.67,221.12,23.84,0.78,0.22,1.58,9.14,4882,7.79,52800.0,708533.8,534,15871162,8478000,LGA
Jamaica Estates,121.67,248.05,28.65,0.95,0.05,0.54,1.8,36,5.92,0.0,1316455.15,20,15871162,8478000,LGA
Jamaica Hills,272.38,255.1,23.05,0.75,0.25,0.7,1.75,35,5.94,0.0,893427.85,20,15871162,8478000,LGA
Kensington,153.4,127.35,45.15,0.96,0.04,0.51,0.89,100,10.79,0.0,1414578.6,112,15871162,8478000,LGA
Kew Gardens,96.61,168.4,44.46,0.91,0.09,0.81,3.14,220,5.27,23583.0,893161.9,70,15871162,8478000,LGA
Kew Gardens Hills,188.89,167.84,28.96,0.96,0.04,0.75,1.36,68,4.58,36765.5,911353.99,50,15871162,8478000,LGA
Kingsbridge,96.47,113.42,31.53,1.0,0.0,0.43,0.62,41,7.02,0.0,657337.87,66,15871162,8478000,LGA
Kips Bay,236.93,178.19,29.91,0.93,0.07,0.53,2.88,1163,6.02,0.0,0.0,404,15871162,8478000,LGA
Laurelton,132.82,241.2,24.98,0.82,0.18,1.13,4.94,494,9.76,25414.0,705900.19,100,15871162,8478000,LGA
Lighthouse Hill,185.0,221.5,30.0,1.0,0.0,0.47,0.0,0,19.67,0.0,1220797.71,2,15871162,8478000,LGA
Little Italy,210.19,196.59,23.71,0.79,0.21,0.65,3.23,359,7.57,0.0,0.0,111,15871162,8478000,LGA
Little Neck,109.8,131.2,1.8,0.0,1.0,2.4,21.8,109,7.39,0.0,0.0,5,15871162,8478000,LGA
Long Island City,172.73,156.6,32.98,0.85,0.15,0.93,5.47,2187,3.84,0.0,0.0,400,15871162,8478000,LGA
Longwood,421.8,152.57,35.94,0.89,0.11,0.82,3.3,356,3.34,24639.0,578397.81,108,15871162,8478000,LGA
Lower East Side,271.45,137.45,26.36,0.86,0.14,1.01,5.63,7002,7.22,72607.5,1247722.2,1244,15871162,8478000,LGA
Manhattan Beach,91.4,146.14,26.0,0.86,0.14,1.14,7.0,49,14.17,0.0,1702781.58,7,15871162,8478000,LGA
Marble Hill,100.8,87.0,26.5,0.88,0.12,0.83,2.75,22,7.09,0.0,873325.42,8,15871162,8478000,LGA
Mariners Harbor,85.39,232.42,26.73,0.88,0.12,0.83,2.08,54,17.99,0.0,0.0,26,15871162,8478000,LGA
Maspeth,103.76,203.33,127.22,0.84,0.16,1.06,4.02,716,3.61,29716.0,857971.39,178,15871162,8478000,LGA
Melrose,105.47,184.75,20.4,0.65,0.35,1.29,11.0,220,3.75,0.0,625707.43,20,15871162,8478000,LGA
Middle Village,181.44,238.89,21.16,0.68,0.32,1.06,9.42,358,4.21,37779.0,888813.32,38,15871162,8478000,LGA
Midland Beach,125.11,285.22,24.22,0.78,0.22,1.09,6.44,58,18.1,0.0,668202.46,9,15871162,8478000,LGA
Midtown,396.07,201.83,20.65,0.6,0.4,1.09,5.32,10904,5.7,0.0,1108967.12,2050,15871162,8478000,LGA
Midwood,120.42,164.85,28.24,0.91,0.09,0.79,2.59,476,11.79,54137.5,1406887.01,184,15871162,8478000,LGA
Mill Basin,197.71,325.43,19.93,0.64,0.36,1.32,2.21,31,11.74,0.0,1169709.44,14,15871162,8478000,LGA
Morningside Heights,113.08,83.21,36.85,0.99,0.01,0.33,0.43,172,5.07,55068.5,1126465.86,396,15871162,8478000,LGA
Morris Heights,97.36,169.72,26.83,0.89,0.11,0.77,3.11,56,5.51,0.0,608553.55,18,15871162,8478000,LGA
Morris Park,107.44,197.53,35.71,0.92,0.08,0.67,3.97,151,5.22,0.0,739792.28,38,15871162,8478000,LGA
Morrisania,86.5,228.07,26.0,0.86,0.14,1.43,5.0,70,3.97,0.0,0.0,14,15871162,8478000,LGA
Mott Haven,129.28,173.36,22.11,0.72,0.28,1.15,6.46,394,3.38,0.0,806434.98,61,15871162,8478000,LGA
Mount Eden,95.4,343.2,30.0,1.0,0.0,1.04,0.0,0,5.01,0.0,0.0,5,15871162,8478000,LGA
Mount Hope,94.75,251.5,24.47,0.8,0.2,0.9,8.63,518,5.19,52228.0,0.0,60,15871162,8478000,LGA
Murray Hill,292.78,222.59,25.52,0.8,0.2,0.6,2.89,2624,5.75,52374.0,1723491.7,908,15871162,8478000,LGA
Navy Yard,621.0,207.5,30.0,1.0,0.0,0.2,1.0,4,7.59,0.0,0.0,4,15871162,8478000,LGA
Neponsit,317.5,223.5,30.0,1.0,0.0,0.36,0.0,0,14.33,0.0,1337664.98,2,15871162,8478000,LGA
New Brighton,222.8,221.7,27.1,0.9,0.1,2.11,4.8,48,14.77,0.0,644584.5,10,15871162,8478000,LGA
New Dorp,,0.0,30.0,1.0,0.0,,0.0,0,19.28,0.0,799081.64,1,15871162,8478000,LGA
New Dorp Beach,77.0,237.75,22.75,0.75,0.25,2.34,12.25,49,18.87,0.0,636271.36,4,15871162,8478000,LGA
New Springville,121.5,85.0,23.25,0.75,0.25,0.7,3.75,15,19.68,0.0,681647.92,4,15871162,8478000,LGA
NoHo,565.83,138.15,35.55,0.97,0.03,0.52,1.94,64,7.15,0.0,0.0,33,15871162,8478000,LGA
Nolita,299.88,137.05,30.43,0.98,0.02,0.44,1.18,235,7.39,0.0,0.0,200,15871162,8478000,LGA
North Riverdale,124.67,180.0,40.0,1.0,0.0,0.42,0.56,5,9.06,0.0,0.0,9,15871162,8478000,LGA
Norwood,96.52,227.91,34.55,1.0,0.0,0.44,0.48,32,6.85,40655.5,589383.11,66,15871162,8478000,LGA
Oakwood,175.0,182.5,30.0,1.0,0.0,0.02,0.0,0,19.76,0.0,767142.46,2,15871162,8478000,LGA
Olinville,115.67,173.6,30.0,1.0,0.0,0.82,0.6,3,7.26,0.0,0.0,5,15871162,8478000,LGA
Ozone Park,104.23,221.49,26.04,0.86,0.14,1.15,6.04,942,6.88,21214.0,734295.2,156,15871162,8478000,LGA
Park Slope,239.29,131.5,31.19,0.91,0.09,0.86,4.21,1288,8.99,0.0,3009625.0,306,15871162,8478000,LGA
Parkchester,108.87,191.58,28.83,0.96,0.04,0.63,1.12,54,4.16,29587.0,536284.9,48,15871162,8478000,LGA
Pelham Bay,136.33,199.18,32.73,1.0,0.0,0.74,1.0,11,5.46,0.0,694448.41,11,15871162,8478000,LGA
Pelham Gardens,107.11,214.36,25.88,0.85,0.15,1.24,2.64,87,6.23,0.0,727322.23,33,15871162,8478000,LGA
Port Morris,138.43,295.18,12.0,0.38,0.62,0.66,4.44,200,3.61,0.0,0.0,45,15871162,8478000,LGA
Port Richmond,91.09,297.25,18.25,0.58,0.42,0.58,0.83,20,17.03,19116.5,600353.55,24,15871162,8478000,LGA
Prince's Bay,303.17,199.0,30.14,1.0,0.0,0.29,0.43,3,24.71,0.0,899940.55,7,15871162,8478000,LGA
Prospect Heights,283.18,99.43,30.13,0.93,0.07,0.6,2.96,1166,8.44,19752.0,2633472.95,394,15871162,8478000,LGA
Prospect-Lefferts Gardens,149.82,150.06,29.87,0.92,0.08,0.69,2.74,996,9.14,0.0,0.0,363,15871162,8478000,LGA
Queens Village,151.65,208.8,26.38,0.87,0.13,1.22,4.59,780,8.27,55104.0,748290.26,170,15871162,8478000,LGA
Randall Manor,161.21,215.05,25.75,0.85,0.15,0.99,8.05,161,15.83,0.0,0.0,20,15871162,8478000,LGA
Red Hook,208.22,138.54,34.17,0.85,0.15,0.86,4.41,181,9.94,0.0,2130796.73,41,15871162,8478000,LGA
Rego Park,109.28,108.62,28.49,0.93,0.07,0.91,4.16,608,3.53,28832.0,851368.18,146,15871162,8478000,LGA
Richmond Hill,108.92,191.26,23.74,0.78,0.22,1.35,7.97,1514,6.18,62983.5,760979.02,190,15871162,8478000,LGA
Ridgewood,119.45,209.74,30.02,0.94,0.06,0.68,1.63,1126,5.3,69386.0,993933.79,690,15871162,8478000,LGA
Riverdale,715.67,95.86,25.86,0.86,0.14,2.1,3.14,22,7.94,0.0,1192478.21,7,15871162,8478000,LGA
Rockaway Beach,140.06,177.33,28.56,0.91,0.09,0.9,2.15,118,13.46,0.0,621220.19,55,15871162,8478000,LGA
Roosevelt Island,224.42,134.7,32.25,0.85,0.15,0.91,3.7,148,4.16,0.0,0.0,40,15871162,8478000,LGA
Rosebank,80.5,166.29,22.0,0.71,0.29,1.03,0.57,4,15.23,0.0,643373.46,7,15871162,8478000,LGA
Rosedale,198.2,229.91,24.25,0.77,0.23,1.21,6.64,1354,10.9,25282.5,724043.26,204,15871162,8478000,LGA
Rossville,81.33,210.0,30.0,1.0,0.0,,0.0,0,23.12,0.0,708700.97,3,15871162,8478000,LGA
Schuylerville,94.47,269.67,35.0,1.0,0.0,1.5,0.33,6,4.71,0.0,0.0,18,15871162,8478000,LGA
Sea Gate,241.94,177.17,24.0,0.78,0.22,0.66,9.39,169,15.51,0.0,0.0,18,15871162,8478000,LGA
Sheepshead Bay,151.94,171.05,28.12,0.87,0.13,0.99,4.56,602,13.22,0.0,1036064.2,132,15871162,8478000,LGA
Shore Acres,94.0,134.5,27.2,0.9,0.1,0.53,1.8,18,15.53,0.0,699150.0,10,15871162,8478000,LGA
Silver Lake,118.0,199.25,37.5,1.0,0.0,1.36,0.0,0,16.01,0.0,882407.44,4,15871162,8478000,LGA
SoHo,806.09,143.84,23.25,0.71,0.29,1.11,4.79,1313,7.67,0.0,4199757.87,274,15871162,8478000,LGA
Soundview,111.45,242.57,30.0,1.0,0.0,0.45,0.43,6,3.34,0.0,606107.02,14,15871162,8478000,LGA
South Beach,91.56,299.33,26.78,0.89,0.11,1.41,5.44,49,17.16,0.0,693173.24,9,15871162,8478000,LGA
South Ozone Park,161.35,254.62,21.43,0.62,0.38,2.25,19.01,2586,8.18,77392.0,725166.46,136,15871162,8478000,LGA
South Slope,186.9,98.93,30.85,0.94,0.06,0.65,2.19,377,9.7,0.0,0.0,172,15871162,8478000,LGA
Springfield Gardens,157.57,248.34,21.88,0.7,0.3,1.64,10.26,1313,9.55,0.0,713186.57,128,15871162,8478000,LGA
Spuyten Duyvil,175.8,196.57,63.86,1.0,0.0,0.4,0.0,0,7.54,0.0,0.0,7,15871162,8478000,LGA
St. Albans,115.49,217.68,24.96,0.82,0.18,1.33,6.19,1720,8.09,49319.5,697791.22,278,15871162,8478000,LGA
St. George,119.88,214.83,27.63,0.91,0.09,1.25,2.91,102,14.36,0.0,645333.91,35,15871162,8478000,LGA
Stapleton,124.79,254.13,22.6,0.73,0.27,1.47,6.07,91,14.85,0.0,525273.24,15,15871162,8478000,LGA
Stuyvesant Town,223.43,109.85,32.2,1.0,0.0,0.2,0.37,22,6.27,0.0,0.0,60,15871162,8478000,LGA
Sunnyside,116.03,130.9,31.23,0.93,0.07,0.64,2.57,1370,3.47,0.0,984129.56,534,15871162,8478000,LGA
Sunset Park,127.51,143.41,28.16,0.83,0.17,1.15,7.66,2075,10.94,0.0,1180982.28,271,15871162,8478000,LGA
Theater District,372.29,220.61,15.48,0.48,0.52,2.54,11.45,4454,5.95,0.0,0.0,389,15871162,8478000,LGA
Throgs Neck,119.74,258.68,29.18,0.97,0.03,0.63,0.59,20,4.3,0.0,0.0,34,15871162,8478000,LGA
Todt Hill,346.2,214.2,24.4,0.8,0.2,0.53,4.0,20,17.53,0.0,1310413.02,5,15871162,8478000,LGA
Tompkinsville,120.68,215.8,25.73,0.84,0.16,1.07,2.36,106,14.92,0.0,654764.45,45,15871162,8478000,LGA
Tottenville,130.4,286.2,18.6,0.6,0.4,1.68,1.4,7,26.82,0.0,848538.2,5,15871162,8478000,LGA
Tremont,120.3,206.69,31.62,0.94,0.06,0.42,0.12,2,4.75,0.0,517169.78,16,15871162,8478000,LGA
Tribeca,586.76,175.72,26.21,0.78,0.22,0.79,3.04,510,8.14,0.0,4814409.79,168,15871162,8478000,LGA
Two Bridges,135.14,69.28,32.92,0.97,0.03,0.53,1.67,65,7.79,0.0,0.0,39,15871162,8478000,LGA
Unionport,155.31,312.15,25.77,0.85,0.15,0.81,3.62,47,3.81,0.0,0.0,13,15871162,8478000,LGA
University Heights,131.4,132.0,30.0,1.0,0.0,0.58,1.0,8,5.94,0.0,555424.34,8,15871162,8478000,LGA
Upper East Side,308.2,197.56,31.04,0.95,0.05,0.36,1.49,2253,4.29,0.0,4636830.46,1509,15871162,8478000,LGA
Upper West Side,263.95,159.16,30.48,0.9,0.1,0.52,1.8,5508,5.32,134666.0,2954627.08,3066,15871162,8478000,LGA
Van Nest,161.4,285.82,22.27,0.73,0.27,1.45,6.18,68,4.77,0.0,694027.86,11,15871162,8478000,LGA
Vinegar Hill,351.78,144.97,39.24,0.97,0.03,0.61,1.14,42,7.72,0.0,0.0,37,15871162,8478000,LGA
Wakefield,99.32,214.82,27.08,0.89,0.11,0.8,2.12,161,8.23,0.0,608009.58,76,15871162,8478000,LGA
Washington Heights,113.96,124.54,35.45,0.94,0.06,0.61,2.6,1438,5.77,0.0,751776.72,554,15871162,8478000,LGA
West Brighton,84.23,265.46,28.92,0.96,0.04,0.56,1.54,74,16.05,17560.0,681843.89,48,15871162,8478000,LGA
West Farms,150.25,235.5,30.25,1.0,0.0,0.38,0.25,1,4.47,0.0,0.0,4,15871162,8478000,LGA
West Village,361.49,127.16,33.13,0.95,0.05,0.35,1.11,1072,7.44,67681.5,6631494.04,964,15871162,8478000,LGA
Westchester Square,113.75,249.75,30.12,1.0,0.0,0.82,1.25,10,4.7,0.0,0.0,8,15871162,8478000,LGA
Westerleigh,135.0,340.75,97.75,0.75,0.25,0.64,1.75,14,17.59,23946.0,719119.63,8,15871162,8478000,LGA
Whitestone,103.29,188.18,21.47,0.71,0.29,1.67,10.82,368,3.07,31064.5,1151566.98,34,15871162,8478000,LGA
Williamsbridge,91.05,197.4,27.28,0.9,0.1,0.7,1.86,93,7.04,0.0,625602.63,50,15871162,8478000,LGA
Williamsburg,205.96,90.44,30.6,0.93,0.07,0.48,1.81,7790,6.05,32597.5,1650060.95,4304,15871162,8478000,LGA
Willowbrook,210.0,310.0,30.0,1.0,0.0,0.38,0.0,0,18.32,0.0,722639.16,2,15871162,8478000,LGA
Windsor Terrace,176.42,138.53,39.06,0.9,0.1,0.79,4.44,764,10.0,20883.5,1999107.0,172,15871162,8478000,LGA
Woodhaven,86.14,187.91,101.09,0.88,0.12,1.15,5.97,1062,5.94,55411.5,723333.38,178,15871162,8478000,LGA
Woodlawn,141.5,249.12,19.75,0.62,0.38,0.62,3.75,30,8.51,0.0,676567.88,8,15871162,8478000,LGA
Woodrow,58.5,365.0,30.0,1.0,0.0,0.08,0.0,0,23.01,0.0,872848.33,2,15871162,8478000,LGA
Woodside,86.62,87.84,29.68,0.94,0.06,0.6,2.2,1358,2.6,44472.5,910565.41,616,15871162,8478000,LGA
